<?xml version="1.0" encoding="UTF-8"?>
<project-private xmlns="http://www.netbeans.org/ns/project-private/1">
    <editor-bookmarks xmlns="http://www.netbeans.org/ns/editor-bookmarks/2" lastBookmarkId="0"/>
    <open-files xmlns="http://www.netbeans.org/ns/projectui-open-files/2">
        <group>
            <file>file:/D:/NLP_NewProject/NLP_NewPro/src/POS_form.java</file>
            <file>file:/D:/NLP_NewProject/NLP_NewPro/src/SentenceTokenizer.java</file>
            <file>file:/D:/NLP_NewProject/NLP_NewPro/src/LemmatizationForm.java</file>
            <file>file:/D:/NLP_NewProject/NLP_NewPro/src/nlp_newpro/NLP_NewPro.java</file>
            <file>file:/D:/NLP_NewProject/NLP_NewPro/src/Pipeline/Pipeline.java</file>
            <file>file:/D:/NLP_NewProject/NLP_NewPro/src/SentenceSegmentation.java</file>
            <file>file:/D:/NLP_NewProject/NLP_NewPro/src/NLPDashboard.java</file>
        </group>
    </open-files>
</project-private>
